Segment_id,latitude,longitude,location,dist_from_start,dist_from_end
1,30.79955863952637,75.95743560791016,"Ludhiana Bypass Rd, Punjab 141122, India",0.0,257.71768761597235
2,30.79949188232422,75.95763397216797,"Ludhiana Bypass Rd, Punjab 141122, India",0.020375825419189485,257.69731179055316
3,30.79792022705078,75.96231842041016,"Ludhiana Bypass Rd, Punjab 141122, India",0.5013675996224596,257.21632001634987
4,30.79769325256348,75.96298217773438,"Ludhiana Bypass Rd, Punjab 141122, India",0.5696950580379871,257.1479925579344
5,30.796123504638672,75.96754455566406,"Ludhiana Bypass Rd, Punjab 141122, India",1.0397459378666098,256.6779416781057
6,30.79463005065918,75.97218322753906,"Ludhiana Bypass Rd, Punjab 141122, India",1.5135723651941864,256.2041152507781
7,30.793193817138672,75.97636413574219,"Ludhiana Bypass Rd, Punjab 141122, India",1.9442399451078238,255.7734476708645
8,30.791736,75.98066700000003,"Ludhiana Bypass Rd, Punjab 141122, India",2.3866481187225834,255.3310394972497
9,30.790149688720703,75.98539733886719,"Ludhiana Bypass Rd, Punjab 141122, India",2.8723559690361573,254.8453316469361
10,30.788684844970703,75.98995971679688,"Ludhiana Bypass Rd, Punjab 141122, India",3.3382578019156823,254.37942981405655
11,30.787011,75.994364,"Ludhiana Bypass Rd, Punjab 141122, India",3.798851581882914,253.9188360340894
12,30.78567695617676,75.9986343383789,"Ludhiana Bypass Rd, Punjab 141122, India",4.233528892202767,253.4841587237696
13,30.784860610961914,76.00360870361328,"Ludhiana Bypass Rd, Punjab 141421, India",4.718188528966435,252.99949908700583
14,30.784387588500977,76.007568359375,"Ludhiana Bypass Rd, Deep Nagar, Punjab 141122, India",5.100810662496602,252.6168769534757
15,30.783809661865234,76.011962890625,"Ludhiana Bypass Rd, Deep Nagar, Punjab 141122, India",5.526301525446381,252.1913860905259
16,30.784087,76.016551,"Ludhiana Bypass Rd, Punjab 141122, India",5.966545356182804,251.7511422597895
17,30.786975860595703,76.01952362060547,"Ludhiana Bypass Rd, Deep Nagar, Punjab 141416, India",6.394954812748956,251.32273280322326
18,30.790469,76.022711,"Ludhiana Bypass Rd, Deep Nagar, Punjab 141122, India",6.887955968270387,250.82973164770192
19,30.793769,76.025724,"Ludhiana Bypass Rd, SBS Nagar, Doraha, Punjab 141416, India",7.3538022845519055,250.3638853314204
20,30.79705238342285,76.0287857055664,"921, Street Number 3, SBS Nagar, Doraha, Punjab 141416, India",7.821106090184977,249.89658152578733
21,30.796428999999996,76.032738,"Ludhiana Bypass Rd, SBS Nagar, Doraha, Punjab 141416, India",8.205627221662912,249.5120603943094
22,30.79376,76.0368,"Ludhiana Bypass Rd, SBS Nagar, Doraha, Punjab 141416, India",8.694192490510277,249.02349512546203
23,30.79104042053223,76.04076385498047,"Jammu - Delhi Road, Doraha, Punjab 141416, India",9.178794045657906,248.5388935703144
24,30.788827,76.044676,National Highway 1  Doraha Ludhiana Punjab India,9.626482781109052,248.09120483486325
25,30.78634452819824,76.0481948852539,"Jammu - Delhi Road, Punjab 141416, India",10.061440834647712,247.65624678132457
26,30.78402099609375,76.05155436197917,"Jammu - Delhi Road, Punjab 141416, India",10.47345970053726,247.24422791543503
27,30.781882,76.054578,NH 44  Doraha Ludhiana Punjab India,10.847627184728198,246.87006043124413
28,30.779487,76.05812399999998,"Ludhiana Bypass Rd, SBS Nagar, Doraha, Punjab 141416, India",11.278574802207,246.4391128137653
29,30.77706400000001,76.061662,NH 44  Doraha Ludhiana Punjab India,11.710848296903832,246.0068393190685
30,30.77445100000001,76.065298,NH 44   Ludhiana Punjab India,12.163694320391949,245.5539932955804
31,30.772273,76.068702,National Highway 1   Ludhiana Punjab India,12.569270502706495,245.14841711326585
32,30.77102851867676,76.07060241699219,"Jammu - Delhi Road, Punjab 141416, India",12.797598994337704,244.92008862163465
33,30.768787,76.074516,NH 1   Ludhiana Punjab India,13.24718171276149,244.47050590321084
34,30.767024,76.077271,NH 44   Ludhiana Punjab India,13.575460104717695,244.14222751125462
35,30.764602000000004,76.08072,National Highway 1   Ludhiana Punjab India,14.001054493338088,243.71663312263425
36,30.762769,76.083662,National Highway 1   Ludhiana Punjab India,14.348374939109526,243.36931267686282
37,30.760959999999997,76.0872,NH 44   Ludhiana Punjab India,14.742025894476821,242.97566172149558
38,30.760484,76.088436,NH 44   Ludhiana Punjab India,14.871596403134602,242.84609121283768
39,30.758718,76.092311,"Srinagar - Kanyakumari Hwy, Punjab 141416, India",15.291092644755075,242.42659497121724
40,30.757482,76.096018,NH 44   Ludhiana Punjab India,15.671551221566505,242.04613639440586
41,30.75590200000001,76.099858,Kot Panaich Link Rd   Ludhiana Punjab India,16.07881096444772,241.63887665152455
42,30.754291,76.10413299999998,NH 44   Ludhiana Punjab India,16.525400893926946,241.19228672204537
43,30.75262,76.10850699999997,National Highway 1   Ludhiana Punjab India,16.983351336779357,240.7343362791929
44,30.751182,76.11229300000002,National Highway 1   Ludhiana Punjab India,17.379370177358734,240.3383174386136
45,30.749609000000003,76.115804,National Highway 1   Ludhiana Punjab India,17.758095681581732,239.9595919343905
46,30.748196000000004,76.120329,National Highway 1   Ludhiana Punjab India,18.21882976119884,239.49885785477343
47,30.746453000000002,76.12464,National Highway 1   Ludhiana Punjab India,18.6746204157058,239.04306720026642
48,30.744584000000003,76.12909300000003,National Highway 1   Ludhiana Punjab India,19.1487052921679,238.5689823238044
49,30.74287033081055,76.13327026367188,"Jammu - Delhi Road, Punjab 141417, India",19.591539586429786,238.12614802954246
50,30.740667,76.137316,National Highway 1   Ludhiana Punjab India,20.049540731529245,237.66814688444302
51,30.739273,76.14144,NH 44   Ludhiana Punjab India,20.473627486912235,237.2440601290601
52,30.737631,76.145298,NH 1   Ludhiana Punjab India,20.885498002909568,236.8321896130627
53,30.736047,76.149013,NH 44   Ludhiana Punjab India,21.282247835035875,236.4354397809364
54,30.734333000000003,76.153227,NH 44   Ludhiana Punjab India,21.72831001773108,235.9893775982412
55,30.732544,76.157342,"Srinagar - Kanyakumari Hwy, Punjab 141417, India",22.169494560368577,235.5481930556037
56,30.730736,76.161564,NH1   Ludhiana Punjab India,22.620794388952106,235.0968932270202
57,30.728949,76.16574200000002,NH 1   Ludhiana Punjab India,23.067291384293647,234.65039623167863
58,30.727313,76.1696,NH 44   Ludhiana Punjab India,23.478903547279398,234.2387840686929
59,30.725602000000002,76.173733,National Highway 1   Ludhiana Punjab India,23.917848329503737,233.79983928646854
60,30.72386,76.177849,NH1   Ludhiana Punjab India,24.35683278116789,233.36085483480443
61,30.721987,76.182356,NH 44   Ludhiana Punjab India,24.835856363565803,232.8818312524065
62,30.720018,76.186764,NH 1  Libra Ludhiana Punjab India,25.311153529886518,232.4065340860857
63,30.71844,76.19072,"Srinagar - Kanyakumari Hwy, Punjab 141417, India",25.728506935289694,231.9891806806826
64,30.716593,76.195084,National Highway 1   Ludhiana Punjab India,26.193971164748746,231.5237164512236
65,30.714731,76.199324,NH 44   Ludhiana Punjab India,26.649557160444388,231.06813045552792
66,30.712964000000003,76.203556,NH 44  Khanna Ludhiana Punjab India,27.09978545132505,230.6179021646473
67,30.711149,76.207564,National Highway 1   Ludhiana Punjab India,27.533246670205056,230.18444094576716
68,30.709272384643555,76.21153259277344,"Jammu - Delhi Road, Bhattian, Khanna, Punjab 141401, India",27.96661204895519,229.7510755670171
69,30.707387924194336,76.2157211303711,"Vijan tower, Near Jarg Chowk, Grand Trunk Rd, Khanna, Punjab 141401, India",28.418980704921445,229.29870691105089
70,30.705501556396484,76.21984100341797,"Near Gurdwara Shree Kalgidhar sahib ji, G.T. Road, Khanna, Punjab 141401, India",28.865631283572988,228.85205633239934
71,30.703521999999996,76.2244,1  Khanna Ludhiana Punjab India,29.354411270500627,228.3632763454717
72,30.70144271850586,76.22870635986328,"Jammu - Delhi Road, Billanwali Chhapary, Pratap Colony, Khanna, Punjab 141401, India",29.826993245759486,227.89069437021286
73,30.699158,76.23254200000002,1  Khanna Ludhiana Punjab India,30.273294762572704,227.4443928533996
74,30.696807,76.23619599999998,1  Khanna Ludhiana Punjab India,30.70973664630605,227.00795096966635
75,30.694678000000003,76.239964,National Highway 1  Khanna Ludhiana Punjab India,31.14104788251211,226.57663973346013
76,30.692889,76.24299599999998,National Highway 1  Khanna Ludhiana Punjab India,31.492788830688824,226.2248987852835
77,30.69065284729004,76.2468490600586,"Jammu - Delhi Road, Bulepur Village, Khanna, Punjab 141401, India",31.93746795786083,225.7802196581115
78,30.688371000000004,76.25060400000002,Machhiwara - Rahon Hwy  Khanna Ludhiana Punjab India,32.377275196682696,225.34041241928963
79,30.685921999999998,76.254711,Bank Colony  Khanna Ludhiana Punjab India,32.85536125211521,224.86232636385708
80,30.683953000000002,76.258178,NH 1  Khanna Ludhiana Punjab India,33.252860794351285,224.46482682162102
81,30.68173828125,76.2618896484375,"Jammu - Delhi Road, Punjab 141401, India",33.68503014930979,224.03265746666253
82,30.679538,76.265502,1  Khanna Ludhiana Punjab India,34.10848646587404,223.60920115009827
83,30.677046999999998,76.269733,1  Khanna Ludhiana Punjab India,34.599035072378264,223.118652543594
84,30.674721999999996,76.273618,1  Khanna Ludhiana Punjab India,35.05184204763999,222.66584556833232
85,30.672322,76.277662,1   Fatehgarh Sahib Punjab India,35.52192027759028,222.19576733838204
86,30.6701171875,76.28147786458334,"Jammu - Delhi Road, Nasrali, Mandi Gobindgarh, Punjab 147301, India",35.961768718184814,221.75591889778752
87,30.667844,76.285191,1  Mandi Gobindgarh Fatehgarh Sahib Punjab India,36.397810866060745,221.31987674991157
88,30.665693,76.288978,1  Mandi Gobindgarh Fatehgarh Sahib Punjab India,36.832071594355156,220.88561602161712
89,30.663482000000002,76.292924,1  Mandi Gobindgarh Fatehgarh Sahib Punjab India,37.28273558433867,220.4349520316336
90,30.660982,76.296764,1  Mandi Gobindgarh Fatehgarh Sahib Punjab India,37.74345010906711,219.97423750690518
91,30.658764,76.300578,1  Mandi Gobindgarh Fatehgarh Sahib Punjab India,38.18399963196137,219.5336879840109
92,30.656533000000003,76.304364,1  Mandi Gobindgarh Fatehgarh Sahib Punjab India,38.62314201683566,219.09454559913658
93,30.65409278869629,76.3084487915039,"Jammu - Delhi Road, Punjab 147301, India",39.09902827622324,218.61865933974903
94,30.65223388671875,76.31171875,"Jammu - Delhi Road, Punjab 147301, India",39.4741317321186,218.24355588385367
95,30.649702072143555,76.3158187866211,"Jammu - Delhi Road, Punjab 147301, India",39.95706606864764,217.76062154732463
96,30.64752197265625,76.3194808959961,"Jammu - Delhi Road, Punjab 147301, India",40.383250033659415,217.3344375823129
97,30.645738,76.32253299999998,1  Mandi Gobindgarh Fatehgarh Sahib Punjab India,40.73638767765826,216.981299938314
98,30.643431,76.32648,National Highway 1  Mandi Gobindgarh Fatehgarh Sahib Punjab India,41.19307127134162,216.52461634463063
99,30.641212463378906,76.33042907714844,"Jammu - Delhi Road, Punjab 140406, India",41.64450978508656,216.07317783088573
100,30.638844,76.334453,1  Mandi Gobindgarh Fatehgarh Sahib Punjab India,42.11113556522525,215.60655205074704
101,30.636558,76.338258,National Highway 1   Fatehgarh Sahib Punjab India,42.5552961096729,215.16239150629937
102,30.634290999999997,76.341831,National Highway 1   Fatehgarh Sahib Punjab India,42.980138049538965,214.7375495664333
103,30.632324,76.345662,National Highway 1   Fatehgarh Sahib Punjab India,43.40726846613239,214.3104191498399
104,30.630153000000004,76.348667,National Highway 1   Fatehgarh Sahib Punjab India,43.782666730494384,213.9350208854779
105,30.628033,76.35238199999998,National Highway 1   Fatehgarh Sahib Punjab India,44.20938901207972,213.5082986038925
106,30.625782,76.356213,National Highway 1   Fatehgarh Sahib Punjab India,44.65343983911272,213.0642477768596
107,30.623720000000002,76.359707,National Highway 1   Fatehgarh Sahib Punjab India,45.0589974978171,212.65869011815516
108,30.621498,76.363547,1   Fatehgarh Sahib Punjab India,45.50197981043346,212.2157078055388
109,30.619121999999997,76.367573,1   Fatehgarh Sahib Punjab India,45.96930490679709,211.7483827091752
110,30.61707800000001,76.371076,National Highway 1   Fatehgarh Sahib Punjab India,46.374475022379144,211.34321259359314
111,30.614758,76.374871,National Highway 1  Sirhind Fatehgarh Sahib Punjab India,46.820079987693504,210.89760762827882
112,30.61236,76.37893299999998,National Highway 1  Sirhind Fatehgarh Sahib Punjab India,47.29165313949938,210.4260344764729
113,30.61032,76.382329,1  Sirhind Fatehgarh Sahib Punjab India,47.688125195829045,210.02956242014324
114,30.60803413391113,76.38621520996094,"Jammu - Delhi Road, Bank colony, Sirhind, Punjab 140406, India",48.138782374421645,209.5789052415506
115,30.605796,76.39005300000002,National Highway 1  Sirhind Fatehgarh Sahib Punjab India,48.58263500701241,209.13505260895985
116,30.604124,76.392987,National Highway 1  Sirhind Fatehgarh Sahib Punjab India,48.919564576343916,208.79812303962842
117,30.60186400000001,76.396738,National Highway 1  Sirhind Fatehgarh Sahib Punjab India,49.35793410428353,208.35975351168872
118,30.599687576293945,76.40061950683594,"Sirhind Rd, Bank colony, Sirhind, Punjab 140406, India",49.80153017395578,207.9161574420165
119,30.597348999999998,76.40429300000002,Gandhi Nagar Rd  Mandi Gobindgarh Fatehgarh Sahib Punjab India,50.23894093814228,207.47874667783
120,30.595021999999997,76.408436,National Highway 1  Sirhind Fatehgarh Sahib Punjab India,50.71267573791089,207.00501187806128
121,30.592993,76.411867,National Highway 1   Fatehgarh Sahib Punjab India,51.11126738577054,206.60642023020168
122,30.59078,76.41569799999998,National Highway 1  Sirhind Fatehgarh Sahib Punjab India,51.55307359144558,206.16461402452663
123,30.588564,76.419484,National Highway 1   Fatehgarh Sahib Punjab India,51.991490144018115,205.72619747195407
124,30.586333000000003,76.423307,National Highway 1   Fatehgarh Sahib Punjab India,52.4337850592593,205.2839025567129
125,30.584189000000002,76.426951,National Highway 1   Fatehgarh Sahib Punjab India,52.85646279718666,204.8612248187856
126,30.581946999999996,76.430702,National Highway 1   Fatehgarh Sahib Punjab India,53.29375497150671,204.4239326444656
127,30.58005332946777,76.43383026123047,"Jammu - Delhi Road, Punjab 140701, India",53.659964958180936,204.05772265779132
128,30.578115999999998,76.43728,National Highway 1   Fatehgarh Sahib Punjab India,54.05445935203198,203.66322826394028
129,30.575873,76.44109300000002,National Highway 1   Fatehgarh Sahib Punjab India,54.49673832457013,203.2209492914021
130,30.573531,76.445093,National Highway 1   Fatehgarh Sahib Punjab India,54.96003058085068,202.7576570351216
131,30.571367,76.448676,National Highway 1   Fatehgarh Sahib Punjab India,55.37918519101795,202.3385024249543
132,30.56914,76.452676,National Highway 1   Fatehgarh Sahib Punjab India,55.83546936947566,201.8822182464966
133,30.566836,76.456453,National Highway 1   Fatehgarh Sahib Punjab India,56.27878593243428,201.438901683538
134,30.565002000000003,76.459698,National Highway 1   Fatehgarh Sahib Punjab India,56.65060712394894,201.0670804920233
135,30.562587,76.463698,National Highway 1   Fatehgarh Sahib Punjab India,57.118517808781434,200.5991698071908
136,30.56045913696289,76.46736145019531,"Jammu - Delhi Road, Punjab 140701, India",57.54181031116372,200.17587730480847
137,30.558349,76.47103100000002,NH 44   Fatehgarh Sahib Punjab India,57.96450439802258,199.75318321794967
138,30.555815999999997,76.47524399999998,National Highway 1   Fatehgarh Sahib Punjab India,58.456682634505064,199.26100498146718
139,30.553547,76.479271,National Highway 1   Fatehgarh Sahib Punjab India,58.917722653519036,198.7999649624532
140,30.55128,76.483111,National Highway 1   Fatehgarh Sahib Punjab India,59.36371617691907,198.3539714390532
141,30.549069,76.487156,NH 44   Fatehgarh Sahib Punjab India,59.82275400697922,197.89493360899303
142,30.546964645385746,76.49055480957031,"Jammu - Delhi Road, Punjab 140701, India",60.223728691202716,197.49395892476952
143,30.544791666666665,76.49417317708334,"Jammu - Delhi Road, Punjab 140701, India",60.64631371953512,197.07137389643714
144,30.542571,76.498,National Highway 1  Jiuna Pura Fatehgarh Sahib Punjab India,61.08840945833683,196.6292781576354
145,30.54048400000001,76.501529,National Highway 1  Jiuna Pura Fatehgarh Sahib Punjab India,61.49853837093481,196.2191492450374
146,30.53808900000001,76.50545799999998,National Highway 1   Fatehgarh Sahib Punjab India,61.95967567119625,195.758011944776
147,30.536162,76.508871,National Highway 1  Jiuna Pura Fatehgarh Sahib Punjab India,62.35070905126885,195.3669785647034
148,30.533802,76.5128,National Highway 1    Punjab India,62.809636763940226,194.908050852032
149,30.531467,76.516862,National Highway 1  Jiuna Pura Fatehgarh Sahib Punjab India,63.27757575065843,194.44011186531384
150,30.529298,76.520578,National Highway 1    Punjab India,63.707690693175536,194.00999692279674
151,30.527273,76.524062,NH 1    Punjab India,64.11042710134102,193.60726051463126
152,30.525142,76.527751,National Highway 1    Punjab India,64.53605589347602,193.18163172249626
153,30.522776,76.5312,National Highway 1   Fatehgarh Sahib Punjab India,64.95839916367532,192.75928845229686
154,30.52089691162109,76.53492736816406,"Jammu - Delhi Road, Chandu Khurd, Punjab 140401, India",65.37237595543472,192.34531166053762
155,30.51901054382324,76.5380859375,"Jammu - Delhi Road, Chandu Khurd, Punjab 140401, India",65.74066617837073,191.97702143760154
156,30.516740000000002,76.54191999999998,National Highway 1   Patiala Punjab India,66.18651762359426,191.531169992378
157,30.514762,76.544942,National Highway 1    Punjab India,66.55013992929703,191.1675476866752
158,30.512833,76.54879100000002,National Highway 1   Patiala Punjab India,66.97701687196388,190.7406707440084
159,30.5107479095459,76.55223846435547,"Jammu - Delhi Road, Punjab 140401, India",67.3806704677323,190.33701714824002
160,30.508337020874023,76.55628204345703,"Jammu - Delhi Road, Punjab 140401, India",67.85193360970477,189.8657540062675
161,30.506511688232425,76.55944061279297,"Jammu - Delhi Road, Punjab 140401, India",68.21645634957694,189.5012312663953
162,30.50448036193848,76.5629653930664,"Jammu - Delhi Road, Rajpura, Punjab 140401, India",68.62290140333792,189.0947862126344
163,30.502013,76.56705799999997,National Highway 1   Patiala Punjab India,69.10161841575179,188.6160692002205
164,30.49984931945801,76.57091522216797,"Jammu - Delhi Road, Rajpura, Punjab 140401, India",69.54280766444249,188.17487995152985
165,30.497509,76.574676,NH 44   Patiala Punjab India,69.98739836626656,187.7302892497057
166,30.495146999999996,76.578684,National Highway 1   Patiala Punjab India,70.45282439794727,187.26486321802503
167,30.493427,76.583209,National Highway 1   Patiala Punjab India,70.92725067139645,186.79043694457584
168,30.493367,76.586853,National Highway 1  Rajpura Patiala Punjab India,71.27715761794782,186.4405299980245
169,30.493127,76.591831,National Highway 1  Rajpura Patiala Punjab India,71.75581333710501,185.96187427886727
170,30.492971,76.59570699999998,National Highway 1  Rajpura Patiala Punjab India,72.12833329564984,185.58935432032246
171,30.492482,76.600578,NH 44  Rajpura Patiala Punjab India,72.59911052282364,185.1185770931487
172,30.48922119140625,76.60242513020833,"Jammu - Delhi Road, Rajpura, Punjab 140401, India",73.00176211601159,184.71592549996063
173,30.485631,76.603538,National Highway 1   Patiala Punjab India,73.41386569473242,184.3038219212399
174,30.48152669270833,76.604345703125,"312, Dalima Vihar, Kharajpur, Rajpura, Punjab 140401, India",73.87543347004237,183.84225414592999
175,30.478589000000003,76.606987,National Highway 1  Rajpura Patiala Punjab India,74.28820882264044,183.4294787933319
176,30.477109,76.609636,National Highway 1  Rajpura Patiala Punjab India,74.59089434204655,183.12679327392576
177,30.474672317504893,76.61390686035156,"Jammu - Delhi Road, Kharajpur, Rajpura, Punjab 140417, India",75.08196712582756,182.63572049014482
178,30.472416,76.61784,National Highway 1  Rajpura Patiala Punjab India,75.5349681146992,182.1827195012732
179,30.470289,76.62159100000002,National Highway 1  Rajpura Patiala Punjab India,75.96548397461726,181.7522036413551
180,30.46783447265625,76.62574055989583,"Jammu - Delhi Road, Punjab 140417, India",76.44800810065483,181.26967951531762
181,30.46552,76.629689,National Highway 1  Rajpura Patiala Punjab India,76.90583859138837,180.811849024584
182,30.46317800000001,76.633751,NH 44  Rajpura Patiala Punjab India,77.3744325339367,180.34325508203568
183,30.460956,76.637849,National Highway 1  Rajpura Patiala Punjab India,77.83872304154183,179.87896457443054
184,30.458596000000004,76.641796,National Highway 1   Patiala Punjab India,78.29930911241074,179.4183785035616
185,30.456998,76.644524,National Highway 1  Rajpura Patiala Punjab India,78.61557914542337,179.10210847054898
186,30.4548,76.648453,National Highway 1  Rajpura Patiala Punjab India,79.06476538108002,178.65292223489234
187,30.452807,76.65192900000002,National Highway 1  Rajpura Patiala Punjab India,79.4651053358813,178.25258228009102
188,30.450741999999998,76.655369,NH 1   Patiala Punjab India,79.8670639457248,177.85062367024761
189,30.448673,76.658978,National Highway 1   Patiala Punjab India,80.28271814817889,177.4349694677934
190,30.446533000000002,76.662622,NH 44   Patiala Punjab India,80.70555173450803,177.0121358814643
191,30.444449,76.666516,National Highway 1  Rajpura Patiala Punjab India,81.14517987100956,176.57250774496282
192,30.44228,76.669947,National Highway 1   Patiala Punjab India,81.55313878587991,176.16454883009246
193,30.440307,76.673378,National Highway 1   Patiala Punjab India,81.9486861034012,175.76900151257115
194,30.438268661499023,76.67701721191406,"Service Rd, Shambhoo Khurd, Punjab 140417, India",82.36493921586373,175.35274840010865
195,30.4364,76.680178,NH 1   Patiala Punjab India,82.73250442050694,174.9851831954654
196,30.434258000000003,76.68374200000002,National Highway 1   Patiala Punjab India,83.14916105737491,174.56852655859745
197,30.432198,76.687618,National Highway 1   Patiala Punjab India,83.58596162045983,174.1317259955125
198,30.429793,76.691556,National Highway 1   Patiala Punjab India,84.04878308555901,173.66890453041333
199,30.42765300000001,76.69514699999998,NH 44   Patiala Punjab India,84.46746689930312,173.25022071666925
200,30.425742,76.698676,National Highway 1   Patiala Punjab India,84.867248904775,172.85043871119737
201,30.42342,76.702551,National Highway 1   Patiala Punjab India,85.31986054837513,172.3978270675972
202,30.421471,76.706276,National Highway 1   Patiala Punjab India,85.73790585820952,171.9797817577628
203,30.41904640197754,76.71005249023438,"Jammu - Delhi Road, Bapraur, Punjab 140417, India",86.18945517250313,171.52823244346922
204,30.417553,76.713538,National Highway 1   Ambala Punjab India,86.56302849686182,171.1546591191105
205,30.415127000000002,76.717067,NH 44   Ambala Punjab India,86.99580996094849,170.72187765502383
206,30.412996000000003,76.72054200000002,NH 1   Patiala Punjab India,87.40482342801813,170.3128641879542
207,30.411111,76.72416899999997,National Highway 1   Ambala Punjab India,87.81117471903181,169.90651289694046
208,30.408772999999997,76.728373,National Highway 1   Ambala Punjab India,88.29112815362083,169.42655946235146
209,30.406641999999998,76.731724,NH 1   Patiala Punjab India,88.69049160239571,169.0271960135766
210,30.40446,76.735493,Toll Booths Shambu Punjab,89.12601383065575,168.59167378531657
211,30.403249,76.73863100000001,National Highway 1   Ambala Haryana India,89.45608940966018,168.26159820631216
212,30.402113,76.74257800000002,NH 44   Ambala Haryana India,89.85573498707285,167.8619526288995
213,30.400798797607425,76.74674224853516,"Jhansa-Tangori Rd, Haryana 133006, India",90.28159724614336,167.436090369829
214,30.399533,76.75134200000002,National Highway 1   Ambala Haryana India,90.74535817624759,166.97232943972475
215,30.398096000000002,76.75544000000002,National Highway 1   Ambala Haryana India,91.170169246141,166.54751836983132
216,30.39698982238769,76.75902557373047,"Jhansa-Tangori Rd, Ghel, Ambala, Haryana 133006, India",91.53591175413692,166.18177586183543
217,30.395507000000002,76.763867,National Highway 1   Ambala Haryana India,92.02936191092958,165.68832570504276
218,30.39404106140137,76.76847076416016,"CITY COMPLEX, NH 1, Ghel, Ambala, Haryana 133006, India",92.50069609721514,165.2169915187572
219,30.393138,76.773236,NH 44   Ambala Haryana India,92.96946579943388,164.74822181653843
220,30.391587,76.777236,NH 44  Ambala City Ambala Haryana India,93.39058487987973,164.3271027360926
221,30.389090999999997,76.78044399999997,NH 44   Ambala Haryana India,93.80485523865505,163.91283237731727
222,30.386492999999998,76.78416899999998,NH 44   Ambala Haryana India,94.26433197828308,163.4533556376893
223,30.383979999999998,76.78755600000002,National Highway 1   Ambala Haryana India,94.69279551412035,163.02489210185195
224,30.381153,76.790622,National Highway 1  Ambala City Ambala Haryana India,95.122979251765,162.59470836420738
225,30.37822700000001,76.79344,National Highway 1  Ambala City Ambala Haryana India,95.54556836553013,162.17211925044222
226,30.37544,76.796036,National Highway 1  Ambala City Ambala Haryana India,95.94271065789205,161.77497695808032
227,30.37306400000001,76.797787,National Highway 1  Ambala City Ambala Haryana India,96.25529349911714,161.46239411685517
228,30.3690185546875,76.7984390258789,"Ambala Chandigarh Expy, Model Town, Ambala, Haryana 133001, India",96.70812485352572,161.0095627624466
229,30.365217208862305,76.79947662353516,"Jammu - Delhi Road, Ambala Cantt, Haryana 133001, India",97.14118014188291,160.57650747408942
230,30.361421999999997,76.800551,National Highway 1  Ambala City Ambala Haryana India,97.57440335183792,160.1432842641344
231,30.358259999999998,76.801502,National Highway 1  Ambala City Ambala Haryana India,97.93666457652624,159.7810230394461
232,30.354722,76.804009,National Highway 1  Ambala City Ambala Haryana India,98.39701871299478,159.32066890297756
233,30.352078,76.807787,National Highway 1  Ambala Cantt Ambala Haryana India,98.86375941326432,158.853928202708
234,30.34983253479004,76.81155395507812,"Jammu - Delhi Road, Ambala Cantt, Haryana 133005, India",99.30323103805885,158.41445657791348
235,30.347564000000002,76.815404,National Highway 1  Ambala Cantt Ambala Haryana India,99.75074834059369,157.96693927537862
236,30.345422,76.819138,National Highway 1  Ambala Cantt Ambala Haryana India,100.18119350806118,157.53649410791115
237,30.343220000000002,76.822622,National Highway 1  Ambala Cantt Ambala Haryana India,100.59569207273262,157.12199554323973
238,30.340767,76.8268,National Highway 1  Ambala Cantt Ambala Haryana India,101.08080647844524,156.6368811375271
239,30.33845800000001,76.830676,National Highway 1  Ambala Cantt Ambala Haryana India,101.53294293601185,156.18474467996054
240,30.336055755615234,76.83422088623047,"54, Railway Colony, Sadar Bazar, Ambala Sadar, Haryana 133005, India",101.96550830548072,155.7521793104917
241,30.33197021484375,76.8355712890625,"Jammu - Delhi Road, Shashtri Colony, Ambala Sadar, Haryana 133005, India",102.43667177164896,155.2810158443234
242,30.327969,76.83649799999998,National Highway 1  Ambala Cantt Ambala Haryana India,102.8891023417507,154.8285852742217
243,30.324038,76.837653,National Highway 1  Ambala Cantt Ambala Haryana India,103.33881812104471,154.37886949492759
244,30.320466999999997,76.838587,National Highway 1  Ambala Cantt Ambala Haryana India,103.7447546797165,153.97293293625592
245,30.316667,76.83968,National Highway 1  Ambala Cantt Ambala Haryana India,104.17893230470501,153.53875531126738
246,30.312562,76.84071999999998,National Highway 1  Ambala City Ambala Haryana India,104.644867125207,153.0728204907654
247,30.308578000000004,76.841787,National Highway 1  Ambala Cantt Ambala Haryana India,105.09829144810242,152.61939616786998
248,30.304756,76.842809,National Highway 1  Ambala City Ambala Haryana India,105.53324388144205,152.18444373453036
249,30.301009000000004,76.843769,National Highway 1  Shahpur Ambala Haryana India,105.95876795509209,151.7589196608803
250,30.297182,76.845102,National Highway 1  Shahpur Ambala Haryana India,106.4019745420936,151.3157130738788
251,30.293376922607425,76.84672546386719,"Jammu - Delhi Road, Haryana 133004, India",106.85177900155873,150.86590861441368
252,30.289724,76.84828399999998,National Highway 1  Ambala City Ambala Haryana India,107.2835984193532,150.4340891966192
253,30.286579132080078,76.8493881225586,"Jammu - Delhi Road, Haryana 133004, India",107.64805341263626,150.06963420333614
254,30.282542,76.850933,National Highway 1  Shahpur Ambala Haryana India,108.11963420083431,149.59805341513808
255,30.27853202819824,76.852294921875,"Jammu - Delhi Road, Mohra, Haryana 133004, India",108.58307887584122,149.13460874013114
256,30.274944,76.85291600000002,National Highway 1   Ambala Haryana India,108.98530130886485,148.73238630710756
257,30.271015999999996,76.853298,National Highway 1   Ambala Haryana India,109.42229639513116,148.29539122084122
258,30.268938,76.853413,National Highway 1   Ambala Haryana India,109.652922879409,148.0647647365634
259,30.265096000000003,76.853342,National Highway 1  Mohri Ambala Haryana India,110.07889009351955,147.63879752245285
260,30.261390999999996,76.85324399999998,National Highway 1  Mohri Ambala Haryana India,110.48972312723744,147.22796448873498
261,30.256902,76.85318199999998,National Highway 1  Mohri Ambala Haryana India,110.98739516612284,146.73029244984957
262,30.252498,76.853102,National Highway 1  Mohri Ambala Haryana India,111.47566897967256,146.24201863629992
263,30.248136,76.85296,National Highway 1    Haryana India,111.95941886917795,145.75826874679447
264,30.24424,76.852604,National Highway 1  Mohri Ambala Haryana India,112.3926732041161,145.3250144118563
265,30.241378000000005,76.85276400000002,National Highway 1    Haryana India,112.710318168624,145.0073694473484
266,30.236893,76.852684,National Highway 1    Haryana India,113.20756911900035,144.51011849697204
267,30.2326,76.85291600000002,National Highway 1    Haryana India,113.68399935506216,144.03368826091025
268,30.228953000000004,76.853324,National Highway 1    Haryana India,114.09019563315304,143.62749198281938
269,30.22472,76.854098,National Highway 1    Haryana India,114.56532889976835,143.15235871620402
270,30.220382,76.854373,National Highway 1   Kurukshetra Haryana India,115.0469512872158,142.67073632875662
271,30.216427000000003,76.855129,National Highway 1    Haryana India,115.49138749787716,142.22630011809525
272,30.212936,76.855778,National Highway 1   Kurukshetra Haryana India,115.88339790991888,141.8342897060535
273,30.208759999999998,76.856418,National Highway 1    Haryana India,116.35041564643421,141.3672719695382
274,30.20476,76.857058,National Highway 1   Kurukshetra Haryana India,116.79810078310207,140.91958683287032
275,30.20058400000001,76.857662,National Highway 1   Kurukshetra Haryana India,117.26467385948405,140.45301375648836
276,30.196638,76.858329,National Highway 1   Ambala Haryana India,117.70680089672544,140.01088671924697
277,30.193338,76.858924,National Highway 1   Ambala Haryana India,118.07708465955857,139.64060295641383
278,30.189147,76.85959100000002,National Highway 1   Kurukshetra Haryana India,118.54609999127057,139.17158762470186
279,30.185933000000002,76.861271,National Highway 1   Kurukshetra Haryana India,118.93740413934172,138.7802834766307
280,30.183220000000002,76.86288,National Highway 1   Kurukshetra Haryana India,119.27572843087887,138.44195918509357
281,30.178955078125,76.86360931396484,"Jammu - Delhi Road, Vijay Colony, Shahzadpur, Haryana 136135, India",119.75370769996307,137.9639799160093
282,30.175793,76.863431,National Highway 1    Haryana India,120.10466171974643,137.61302589622593
283,30.172178000000002,76.862347,National Highway 1   Kurukshetra Haryana India,120.5187817284996,137.19890588747282
284,30.168009,76.86304,National Highway 1  Shahabad Markanda Kurukshetra Haryana India,120.98573315996704,136.73195445600538
285,30.163798,76.86370699999998,National Highway 1  Shahabad Markanda Kurukshetra Haryana India,121.45694526569612,136.2607423502763
286,30.15970200000001,76.864436,National Highway 1   Kurukshetra Haryana India,121.91640630559151,135.80128131038094
287,30.15565800000001,76.86505799999998,National Highway 1   Kurukshetra Haryana India,122.36869102100408,135.34899659496836
288,30.151584000000003,76.865493,National Highway 1  Shahabad Markanda Kurukshetra Haryana India,122.82225455941362,134.89543305655883
289,30.147493,76.866293,National Highway 1  Shahabad Markanda Kurukshetra Haryana India,123.28226483930172,134.43542277667075
290,30.143259999999998,76.86689799999998,National Highway 1  Shahabad Markanda Kurukshetra Haryana India,123.75512001010384,133.96256760586866
291,30.1393,76.867547,National Highway 1  Shahabad Markanda Kurukshetra Haryana India,124.1985363158388,133.5191513001337
292,30.1353271484375,76.8680908203125,"Jammu - Delhi Road, Shahbaad Markanda, Haryana 136135, India",124.64205200717475,133.0756356087977
293,30.131007,76.868702,National Highway 1  Shahabad Markanda Kurukshetra Haryana India,125.12456809337057,132.5931195226019
294,30.126669,76.869404,National Highway 1  Shahabad Markanda Kurukshetra Haryana India,125.61018992435969,132.10749769161276
295,30.122831,76.86968,National Highway 1   Kurukshetra Haryana India,126.03648019407902,131.68120742189342
296,30.118947,76.870471,National Highway 1   Kurukshetra Haryana India,126.47373480251913,131.2439528134533
297,30.11457061767578,76.87107849121094,"Jammu - Delhi Road, Haryana 136135, India",126.96239591951249,130.75529169645995
298,30.110373,76.871813,National Highway 1   Kurukshetra Haryana India,127.43307391221147,130.28461370376095
299,30.10622,76.872436,National Highway 1   Kurukshetra Haryana India,127.8973509560875,129.82033665988496
300,30.10222000000001,76.872978,National Highway 1   Kurukshetra Haryana India,128.34383451236522,129.37385310360725
301,30.098204,76.873573,National Highway 1   Kurukshetra Haryana India,128.79270366402207,128.9249839519504
302,30.09442138671875,76.8742904663086,"Jammu - Delhi Road, Sharifgarh, Haryana 136135, India",129.21768668573304,128.50000093023942
303,30.090389,76.874942,National Highway 1  Sharifgarh Kurukshetra Haryana India,129.66908352449877,128.04860409147372
304,30.086515999999996,76.875458,National Highway 1   Kurukshetra Haryana India,130.10129278446522,127.61639483150722
305,30.082184,76.87608,National Highway 1  Sharifgarh Kurukshetra Haryana India,130.58524099822108,127.13244661775136
306,30.079222,76.87648,National Highway 1   Kurukshetra Haryana India,130.91584675711337,126.8018408588591
307,30.07513427734375,76.877197265625,"Jammu - Delhi Road, Ramnagar, Haryana 136135, India",131.37423237437244,126.34345524160005
308,30.070916,76.877849,National Highway 1   Kurukshetra Haryana India,131.8460470464795,125.87164056949301
309,30.066546999999996,76.87856,National Highway 1   Kurukshetra Haryana India,132.33519423916394,125.3824933768085
310,30.06223300000001,76.879227,National Highway 1   Kurukshetra Haryana India,132.81772173682378,124.89996587914864
311,30.058767,76.87983100000002,National Highway 1   Kurukshetra Haryana India,133.20632914660894,124.5113584693635
312,30.054787,76.880569,National Highway 1   Kurukshetra Haryana India,133.6532284894592,124.06445912651328
313,30.050731,76.881173,National Highway 1   Kurukshetra Haryana India,134.10660674664823,123.61108086932423
314,30.046393,76.881733,National Highway 1   Kurukshetra Haryana India,134.5905112967904,123.12717631918207
315,30.042013,76.882533,National Highway 1   Kurukshetra Haryana India,135.0821402259836,122.63554738998886
316,30.037791,76.883227,National Highway 1   Kurukshetra Haryana India,135.5549242200467,122.16276339592574
317,30.033491,76.883973,National Highway 1   Kurukshetra Haryana India,136.03699237219232,121.68069524378015
318,30.030298,76.884436,National Highway 1  Sharifgarh Kurukshetra Haryana India,136.3937521514464,121.32393546452609
319,30.025938,76.88508399999998,National Highway 1   Kurukshetra Haryana India,136.88109588615816,120.8365917298143
320,30.02169609069824,76.8858642578125,"Jammu - Delhi Road, Sirsala, Haryana 136118, India",137.357309177338,120.36037843863446
321,30.017664,76.88663100000002,National Highway 1   Kurukshetra Haryana India,137.81035628463448,119.907331331338
322,30.013231,76.88732399999998,National Highway 1   Kurukshetra Haryana India,138.3062931369505,119.41139447902201
323,30.009441375732425,76.88797760009766,"Jammu - Delhi Road, Sanwala, Haryana 136118, India",138.73108903986156,118.98659857611092
324,30.005527,76.888693,National Highway 1   Kurukshetra Haryana India,139.1704627611785,118.54722485479392
325,30.00130271911621,76.88922882080078,"Jammu - Delhi Road, Sanwala, Haryana 136118, India",139.64157994096598,118.07610767500648
326,29.997527,76.88973299999998,National Highway 1   Kurukshetra Haryana India,140.06294514133032,117.65474247464216
327,29.993522,76.890373,National Highway 1   Kurukshetra Haryana India,140.5111831907532,117.20650442521926
328,29.9891,76.890987,National Highway 1   Kurukshetra Haryana India,141.00493961459813,116.71274800137434
329,29.984733000000002,76.89161800000002,National Highway 1  Kurukshetra Kurukshetra Haryana India,141.49284577560869,116.2248418403638
330,29.980797999999997,76.892178,National Highway 1   Kurukshetra Haryana India,141.93238388298818,115.78530373298427
331,29.976872999999998,76.892738,National Highway 1  Sharifgarh Kurukshetra Haryana India,142.3708219050573,115.34686571091517
332,29.972720000000002,76.89328,National Highway 1  Sharifgarh Kurukshetra Haryana India,142.83415256367667,114.88353505229576
333,29.969176,76.893982,National Highway 1 Pipli Kurukshetra Kurukshetra Haryana India,143.2328114749922,114.48487614098028
334,29.964847,76.894649,National Highway 1 Sector 2 Kurukshetra Kurukshetra Haryana India,143.7169883003981,114.0006993155744
335,29.960547,76.895413,National Highway 1 Pipli Kurukshetra Kurukshetra Haryana India,144.19932165608745,113.51836595988505
336,29.957456,76.89608,National Highway 1 Sector 2 Kurukshetra Kurukshetra Haryana India,144.54796073521013,113.16972688076237
337,29.953131,76.896969,National Highway 1 Sector 2 Kurukshetra Kurukshetra Haryana India,145.03501381456317,112.68267380140928
338,29.949218,76.897733,National Highway 1 Sector 3 Kurukshetra Kurukshetra Haryana India,145.47500143414214,112.2426861818303
339,29.944927000000003,76.8988,National Highway 1  Kurukshetra Kurukshetra Haryana India,145.96169062470042,111.75599699127208
340,29.940956,76.900018,National Highway 1 Sector 3 Kurukshetra Kurukshetra Haryana India,146.41731671296958,111.30037090300293
341,29.93706,76.901227,National Highway 1 Sector 3 Kurukshetra Kurukshetra Haryana India,146.86468919991884,110.85299841605362
342,29.933362,76.90253299999998,National Highway 1   Kurukshetra Haryana India,147.29357218729965,110.42411542867285
343,29.930653000000003,76.903529,National Highway 1   Kurukshetra Haryana India,147.6088905080714,110.10879710790108
344,29.927038,76.904933,National Highway 1   Kurukshetra Haryana India,148.03192682845284,109.68576078751964
345,29.92322,76.906187,National Highway 1   Kurukshetra Haryana India,148.4721369300558,109.24555068591671
346,29.91932700000001,76.90758199999998,National Highway 1   Kurukshetra Haryana India,148.92421546221985,108.79347215375263
347,29.915561999999998,76.90906700000002,National Highway 1 Pipli Kurukshetra Kurukshetra Haryana India,149.36551837677578,108.35216923919668
348,29.91184,76.910596,National Highway 1   Karnal Haryana India,149.80373105043097,107.9139565655415
349,29.90810966491699,76.91166687011719,"Jammu - Delhi Road, Samana Bhau, Haryana 132117, India",150.22997815056087,107.48770946541158
350,29.904178,76.913173,National Highway 1   Karnal Haryana India,150.68943902592898,107.0282485900435
351,29.9003,76.91453299999998,National Highway 1   Karnal Haryana India,151.13893769148015,106.57874992449231
352,29.89669418334961,76.91586303710938,"Jammu - Delhi Road, Samana Bhau, Haryana 132117, India",151.55878073522334,106.15890688074913
353,29.892836,76.917236,National Highway 1   Karnal Haryana India,152.00655067482066,105.71113694115179
354,29.88941650390625,76.91853841145833,"Jammu - Delhi Road, Samana Bhau, Haryana 132117, India",152.40593449640483,105.31175311956758
355,29.88572120666504,76.91986846923828,"Jammu - Delhi Road, Barana, Haryana 132117, India",152.8352356872935,104.88245192867895
356,29.881898,76.921316,National Highway 1   Karnal Haryana India,153.28151175272302,104.43617586324943
357,29.8785400390625,76.92263793945312,"Nh 1 Delhi To Chandigarh Highway, Nilokheri Tehsil, Dist Karnal, Raipur Roran, Haryana 132117, India",153.67503938332268,104.04264823264978
358,29.87498900000001,76.923849,National Highway 1   Karnal Haryana India,154.08569192141545,103.63199569455702
359,29.87126922607422,76.92507934570312,"Jammu - Delhi Road, Manak Majra, Haryana 132117, India",154.5148200074866,103.20286760848587
360,29.867607,76.926631,National Highway 1   Karnal Haryana India,154.94757296447315,102.77011465149931
361,29.86410200000001,76.927876,National Highway 1   Karnal Haryana India,155.35429690021132,102.36339071576117
362,29.8602,76.929333,National Highway 1   Karnal Haryana India,155.80916593748344,101.90852167848902
363,29.856309000000003,76.9308,National Highway 1   Karnal Haryana India,156.2631778355475,101.45450978042496
364,29.852602,76.932311,National Highway 1   Karnal Haryana India,156.699266008388,101.01842160758446
365,29.848889,76.933716,National Highway 1   Karnal Haryana India,157.13266555840337,100.58502205756912
366,29.845291,76.935004,National Highway 1   Karnal Haryana India,157.5504729348815,100.16721468109094
367,29.841538,76.936222,"Toll Plaza Nilokheri ,National Highway 1 Haryana",157.98282278774425,99.73486482822821
368,29.837549,76.937831,National Highway 1  Nilokheri Karnal Haryana India,158.45154625710938,99.26614135886308
369,29.834078,76.93912900000002,National Highway 1  Nilokheri Karnal Haryana India,158.8562388313685,98.86144878460397
370,29.830109000000004,76.940524,National Highway 1  Nilokheri Karnal Haryana India,159.31639563982532,98.40129197614715
371,29.826384,76.941804,National Highway 1  Nilokheri Karnal Haryana India,159.7474452256019,97.97024239037056
372,29.822561999999998,76.943111,National Highway 1  Nilokheri Karnal Haryana India,160.1895453347629,97.52814228120954
373,29.818531,76.944604,National Highway 1  Nilokheri Karnal Haryana India,160.65910549350394,97.05858212246851
374,29.814396000000002,76.946,National Highway 1  Nilokheri Karnal Haryana India,161.13691837137034,96.58076924460212
375,29.810810999999998,76.947289,National Highway 1   Karnal Haryana India,161.5533900566252,96.16429755934729
376,29.806678,76.948809,National Highway 1  Taraori Karnal Haryana India,162.0345172259063,95.68317039006615
377,29.802767,76.950249,National Highway 1   Karnal Haryana India,162.4898511781385,95.22783643783396
378,29.798956,76.951831,National Highway 1  Taraori Karnal Haryana India,162.93913143193183,94.77855618404068
379,29.79508781433105,76.95317840576172,"Jammu - Delhi Road, Taraori, Haryana 132116, India",163.3872681378224,94.33041947815008
380,29.791584000000004,76.954444,National Highway 1  Taraori Karnal Haryana India,163.79448205516246,93.92320556080999
381,29.787910999999998,76.955742,National Highway 1  Taraori Karnal Haryana India,164.2205341199208,93.49715349605171
382,29.784147,76.957236,National Highway 1  Taraori Karnal Haryana India,164.66206941190347,93.055618204069
383,29.780416,76.958773,National Highway 1  Taraori Karnal Haryana India,165.1015398748525,92.61614774111996
384,29.77650260925293,76.9601821899414,"Jammu - Delhi Road, Haryana 132116, India",165.5562338744865,92.16145374148591
385,29.772696000000003,76.96162700000002,National Highway 1   Karnal Haryana India,166.00072160392054,91.71696601205193
386,29.768856,76.96315600000001,National Highway 1  Taraori Karnal Haryana India,166.4513316341474,91.26635598182509
387,29.765041999999998,76.96463100000003,National Highway 1   Karnal Haryana India,166.89752487043458,90.82016274553787
388,29.761518,76.965947,National Highway 1   Karnal Haryana India,167.3083667123926,90.40932090357988
389,29.75772000000001,76.96736,National Highway 1   Karnal Haryana India,167.750994673359,89.96669294261345
390,29.75439071655273,76.96855926513672,"Jammu - Delhi Road, Jhanjhari, Haryana 132116, India",168.13784007146143,89.57984754451097
391,29.75061798095703,76.9700927734375,"Jammu - Delhi Road, Jhanjhari, Haryana 132116, India",168.5815669836148,89.13612063235766
392,29.7470817565918,76.97134399414062,"45, Jammu - Delhi Road, Jhanjhari, Haryana 132116, India",168.99181018579011,88.72587743018234
393,29.743596000000004,76.972667,National Highway 1   Karnal Haryana India,169.39884214134892,88.31884547462354
394,29.740251,76.973956,National Highway 1   Karnal Haryana India,169.7900337406945,87.92765387527798
395,29.736580403645835,76.97538248697917,"Jammu - Delhi Road, Uchana, Haryana 132001, India",170.21967654973332,87.49801106623914
396,29.732910999999998,76.976924,National Highway 1   Karnal Haryana India,170.65289902077487,87.0647885951976
397,29.729259999999996,76.97829300000002,National Highway 1   Karnal Haryana India,171.07872559903896,86.6389620169335
398,29.72558900000001,76.979787,National Highway 1   Karnal Haryana India,171.51055721528718,86.20713040068529
399,29.721496000000002,76.981289,National Highway 1   Karnal Haryana India,171.9869628371683,85.73072477880416
400,29.71772384643555,76.98263549804688,"Atta - Bilaspur Rd, Baldi, Karnal, Haryana 132001, India",172.4249240934459,85.29276352252663
401,29.71548,76.985324,National Highway 1   Karnal Haryana India,172.78483476948622,84.93285284648624
402,29.714162,76.98888000000002,National Highway 1   Karnal Haryana India,173.15864861580158,84.55903900017083
403,29.712771000000004,76.99310200000002,National Highway 1   Karnal Haryana India,173.5953077803999,84.12237983557253
404,29.71118400000001,76.997342,National Highway 1   Karnal Haryana India,174.0417091620848,83.67597845388767
405,29.709636,77.001796,National Highway 1  Karnal Karnal Haryana India,174.5056036111443,83.21208400482814
406,29.70738,77.00545799999998,National Highway 1 Sector 9 Karnal Karnal Haryana India,174.93931735111354,82.77837026485898
407,29.703311,77.00640899999998,National Highway 1   Karnal Haryana India,175.39964863130584,82.31803898466663
408,29.701169,77.006711,National Highway 1 Sector 9 Karnal Karnal Haryana India,175.63887573823888,82.0788118777336
409,29.697779999999998,77.00688000000002,Kunjpura Rd Sector 9 Karnal Karnal Haryana India,176.01489340915788,81.70279420681459
410,29.693439483642567,77.00633239746094,"Nirmal Kutia Chowk Bus Stop, Sector 7, Karnal, Haryana 132001, India",176.49893802231048,81.21874959366195
411,29.689209,77.005849,National Highway 1  Karnal Karnal Haryana India,176.97020356436062,80.74748405161185
412,29.685233,77.005413,National Highway 1 Sector 9 Karnal Karnal Haryana India,177.4129476462643,80.30473996970815
413,29.68134,77.00491600000002,National Highway 1 Sector 7 Karnal Karnal Haryana India,177.84714851520386,79.87053910076864
414,29.677204,77.00416899999998,National Highway 1 Model Town Karnal Karnal Haryana India,178.31127872143125,79.40640889454123
415,29.674138,77.002071,National Highway 1 Sector 6 Karnal Karnal Haryana India,178.70718968689945,79.01049792907298
416,29.67210900000001,76.998249,National Highway 1 Sector 13 Karnal Karnal Haryana India,179.14016072723794,78.57752688873451
417,29.670116,76.99455999999998,National Highway 1 Sector 7 Karnal Karnal Haryana India,179.56007643261447,78.157611183358
418,29.66788,76.990889,National Highway 1 Sector 7 Karnal Karnal Haryana India,179.99334279464284,77.7243448213297
419,29.663909000000004,76.989458,National Highway 1 Sector 14 Karnal Karnal Haryana India,180.45480046883569,77.26288714713681
420,29.660056,76.98816,National Highway 1  Karnal Karnal Haryana India,180.89999579248817,76.8176918234843
421,29.657184,76.98751999999998,National Highway 1  Karnal Karnal Haryana India,181.2243213399546,76.49336627601788
422,29.653469,76.98598199999998,Flyover  Karnal Karnal Haryana India,181.6622121815081,76.05547543446438
423,29.649918,76.984916,National Highway 1 Sector 14 Karnal Karnal Haryana India,182.0691352698516,75.64855234612087
424,29.646164000000002,76.98349300000002,National Highway 1  Karnal Karnal Haryana India,182.50747068717385,75.21021692879864
425,29.642574055989584,76.98219401041666,"Atta - Bilaspur Rd, Ansal Town, Kamboh Pura Part, Haryana 132001, India",182.9248083996341,74.79287921633835
426,29.638669,76.98066700000003,National Highway 1  Karnal Karnal Haryana India,183.38222794314441,74.33545967282814
427,29.634691,76.979351,National Highway 1   Karnal Haryana India,183.84122026200004,73.87646735397243
428,29.63088417053223,76.9781494140625,"Atta - Bilaspur Rd, Maduban, Haryana 132001, India",184.2789427677248,73.4387448482477
429,29.626687,76.977627,National Highway 1   Karnal Haryana India,184.7469259485307,72.97076166744179
430,29.623389000000003,76.980693,National Highway 1  Maduban Karnal Haryana India,185.2178939901217,72.49979362585069
431,29.620956,76.982969,National Highway 1   Karnal Haryana India,185.56620598650719,72.15148162946534
432,29.614928999999997,76.982658,National Highway 1  Maduban Karnal Haryana India,186.2349537084293,71.48273390754312
433,29.616097999999997,76.982791,National Highway 1  Maduban Karnal Haryana India,186.36517140737084,71.35251620860163
434,29.611893,76.98226700000002,National Highway 1  Maduban Karnal Haryana India,186.83403374455187,70.88365387142056
435,29.607642,76.981822,National Highway 1  Maduban Karnal Haryana India,187.3072069585978,70.41048065737469
436,29.603338,76.98133299999998,National Highway 1  Maduban Karnal Haryana India,187.78663305318162,69.9310545627909
437,29.599204,76.980738,National Highway 1  Maduban Karnal Haryana India,188.24848000904944,69.46920760692305
438,29.595029830932607,76.98021697998047,"Atta - Bilaspur Rd, Gharunda, Kutail, Haryana 132114, India",188.71391344724358,69.00377416872894
439,29.590931,76.97976899999998,National Highway 1  Maduban Karnal Haryana India,189.17031895200162,68.54736866397084
440,29.586891,76.979333,National Highway 1   Karnal Haryana India,189.6201226993847,68.0975649165878
441,29.583247,76.978853,National Highway 1   Karnal Haryana India,190.02671194900918,67.69097566696325
442,29.579338,76.978356,National Highway 1   Karnal Haryana India,190.46267422330345,67.25501339266907
443,29.575058000000002,76.977796,National Highway 1   Karnal Haryana India,190.9401851222769,66.77750249369552
444,29.570907000000002,76.977271,National Highway 1   Karnal Haryana India,191.40310746482498,66.31458015114751
445,29.566767,76.976738,National Highway 1   Karnal Haryana India,191.86490391472432,65.85278370124814
446,29.563031,76.976338,National Highway 1   Karnal Haryana India,192.2808314784831,65.43685613748937
447,29.558849,76.975636,National Highway 1   Karnal Haryana India,192.74935088110985,64.96833673486267
448,29.554687,76.97520899999998,National Highway 1   Karnal Haryana India,193.21254002135188,64.50514759462054
449,29.550620000000002,76.97470200000002,National Highway 1   Karnal Haryana India,193.666016336012,64.05167127996046
450,29.546331,76.97404399999998,National Highway 1  Gharaunda Karnal Haryana India,194.14568828263194,63.57199933334053
451,29.541990999999996,76.973404,National Highway 1  Gharaunda Karnal Haryana India,194.63073755912305,63.08695005684943
452,29.538704,76.973022,National Highway 1  Gharaunda Karnal Haryana India,194.9969607527007,62.72072686327178
453,29.535602,76.972862,National Highway 1  Gharaunda Karnal Haryana India,195.3411505358907,62.37653708008176
454,29.531515999999996,76.972827,National Highway 1  Gharaunda Karnal Haryana India,195.79407435702598,61.9236132589465
455,29.528407,76.972791,National Highway 1  Gharaunda Karnal Haryana India,196.13870776063496,61.57897985533751
456,29.523907,76.972773,National Highway 1  Gharaunda Karnal Haryana India,196.6375110434041,61.08017657256829
457,29.520596,76.972747,National Highway 1  Gharaunda Karnal Haryana India,197.00452560832,60.71316200765253
458,29.516202000000003,76.972711,National Highway 1  Gharaunda Karnal Haryana India,197.49158825847505,60.226099357497425
459,29.512933,76.97264,National Highway 1  Gharaunda Karnal Haryana India,197.8540036614535,59.863683954518955
460,29.509051,76.972551,National Highway 44  Gharaunda Karnal Haryana India,198.28438752526642,59.433300090705956
461,29.504731,76.9724,National Highway 1  Gharaunda Karnal Haryana India,198.76345813145454,58.954229484517896
462,29.500938,76.972373,National Highway 1  Gharaunda Karnal Haryana India,199.18389797881275,58.53378963715971
463,29.497188568115234,76.97221374511719,"Atta - Bilaspur Rd, Sarai Kohand, Haryana 132114, India",199.59978696927257,58.11790064669981
464,29.49282646179199,76.97213745117188,"Alipura Rd, Haryana 132114, India",200.08335677599374,57.634330839978716
465,29.49022,76.972071,National Highway 1   Karnal Haryana India,200.37233907044129,57.345348545531216
466,29.4859619140625,76.97193908691406,"Atta - Bilaspur Rd, Haryana 132114, India",200.844495088698,56.873192527274476
467,29.482246999999997,76.971867,National Highway 1   Karnal Haryana India,201.25632960151358,56.461358014458845
468,29.477778000000004,76.971609,National Highway 1  Gharaunda Karnal Haryana India,201.75232178552903,55.96536583044343
469,29.473273,76.971502,National Highway 1   Karnal Haryana India,202.25178026316968,55.46590735280275
470,29.470042,76.971324,National Highway 1   Karnal Haryana India,202.61033179640373,55.10735581956874
471,29.46637916564941,76.97119140625,"Atta - Bilaspur Rd, Baberpur Mandi, Badauli, Haryana 132103, India",203.01653693663783,54.7011506793346
472,29.462193,76.971067,National Highway 44   Karnal Haryana India,203.48070292946844,54.23698468650403
473,29.458378000000003,76.97100400000002,National Highway 44   Karnal Haryana India,203.90361464725987,53.814072968712594
474,29.455167,76.97100400000002,Grand Trunk Rd   Karnal Haryana India,204.2595326076968,53.458155008275696
475,29.451076,76.97081800000002,National Highway 1   Karnal Haryana India,204.71335131839646,53.00433629757593
476,29.446831,76.97069300000003,National Highway 44   Panipat Haryana India,205.1840369835736,52.533650632398825
477,29.444042,76.970676,National Highway 1   Karnal Haryana India,205.49318292793652,52.224504688036006
478,29.439811,76.970489,National Highway 1  Baberpur Mandi Panipat Haryana India,205.96251086026763,51.75517675570485
479,29.43570200000001,76.970347,National Highway 1   Karnal Haryana India,206.41817317811882,51.29951443785365
480,29.431733,76.970196,National Highway 1 HUDA Panipat Panipat Haryana India,206.8583527698469,50.85933484612556
481,29.427330017089844,76.96994018554688,"Devi Lal Bus Stop, GT Road ( NH-01), Sector - 7, Sector - 6, HUDA, Panipat, Haryana 132103, India",207.34702294852283,50.37066466744964
482,29.423386999999998,76.96964399999997,National Highway 1 HUDA Panipat Panipat Haryana India,207.7850220600316,49.932665555940815
483,29.419811248779297,76.96947479248047,"Atta - Bilaspur Rd, Sector - 6, HUDA, Panipat, Haryana 132103, India",208.18170815216342,49.53597946380901
484,29.415533,76.96933299999998,National Highway 1 HUDA Panipat Panipat Haryana India,208.6561203415369,49.06156727443553
485,29.412147521972656,76.96923065185547,"264, Atta - Bilaspur Rd, Sector - 6, HUDA, Panipat, Haryana 132103, India",209.03150704063407,48.686180575338255
486,29.407773,76.96899599999998,National Highway 1 HUDA Panipat Panipat Haryana India,209.5169247532886,48.20076286268386
487,29.404062,76.9688,National Highway 1 Sector - 6 Panipat Panipat Haryana India,209.92870087848686,47.78898673748563
488,29.397586999999998,76.9688,National Highway 1 Sector - 6 Panipat Panipat Haryana India,210.64640546337608,47.07128215259641
489,29.39691925048828,76.96890258789062,"Panipat, Sukhdev Nagar, Old Housing Board Colony, Panipat, Haryana 132103, India",210.72108720497602,46.99660041099654
490,29.390715999999998,76.969004,National Highway 1 Bishon Sarup Colony Panipat Panipat Haryana India,211.40874015744785,46.30894745852461
491,29.38658400000001,76.970516,National Highway 1 Bishon Sarup Colony Panipat Panipat Haryana India,211.88968333730855,45.82800427866394
492,29.38261795043945,76.97232055664062,"Atta - Bilaspur Rd, Gaushala Mandi, Jagjivan Ram Colony, Panipat, Haryana 132108, India",212.36290702727445,45.354780588698034
493,29.378544,76.97375100000002,National Highway 1 Sector - 6 Panipat Panipat Haryana India,212.83534235789452,44.882345258078004
494,29.374390999999996,76.97471999999998,National Highway 1  Panipat Panipat Haryana India,213.3051835417109,44.41250407426159
495,29.370407,76.97565300000002,National Highway 1 Sector - 6 Panipat Panipat Haryana India,213.7559725460557,43.961715069916686
496,29.366838,76.97624,National Highway 1 Krishan Pura Panipat Panipat Haryana India,214.15565149946255,43.56203611650992
497,29.36262,76.977449,National Highway 1 Sector - 6 Panipat Panipat Haryana India,214.63769389042042,43.07999372555207
498,29.358759999999997,76.978436,National Highway 1 Huda Industrial Area Panipat Panipat Haryana India,215.0761451246476,42.641542491324884
499,29.354936,76.979209,National Highway 1 Huda Industrial Area Panipat Panipat Haryana India,215.50659849741334,42.21108911855913
500,29.350927,76.980347,National Highway 1 Huda Industrial Area Panipat Panipat Haryana India,215.9644970783968,41.753190537575676
501,29.34692,76.981564,National Highway 1 Huda Industrial Area Panipat Panipat Haryana India,216.42409399678445,41.293593619188016
502,29.342978000000002,76.98272,National Highway 1 Nangal Kheri Panipat Panipat Haryana India,216.87522268847985,40.84246492749261
503,29.339011,76.983876,National Highway 1 Huda Industrial Area Panipat Panipat Haryana India,217.32903658926662,40.388651026705844
504,29.335603999999996,76.984791,National Highway 1 Huda Industrial Area Panipat Panipat Haryana India,217.71698814294209,40.00069947303038
505,29.331378936767567,76.9857406616211,"Atta - Bilaspur Rd, Sewah, Panipat, Haryana 132106, India",218.1942962004124,39.523391415560155
506,29.327287,76.987076,National Highway 1   Panipat Haryana India,218.66603159916855,39.05165601680386
507,29.323486328125,76.98826599121094,"Atta - Bilaspur Rd, Sewah, Panipat, Haryana 132106, India",219.1028717923137,38.61481582365877
508,29.319656,76.989378,National Highway 1  Sewah Panipat Haryana India,219.54095477564653,38.176732840325855
509,29.315684,76.990444,NH 1   Panipat Haryana India,219.99322913563125,37.72445848034121
510,29.311692999999998,76.991582,National Highway 1   Panipat Haryana India,220.44919952854767,37.26848808742477
511,29.307538,76.99276400000002,National Highway 1   Panipat Haryana India,220.9238426876265,36.793844928345976
512,29.303596000000002,76.99386700000002,National Highway 1   Panipat Haryana India,221.37372545976226,36.34396215621018
513,29.299689,76.99494200000002,National Highway 1   Panipat Haryana India,221.81919652945822,35.89849108651424
514,29.29556,76.996089,National Highway 1   Panipat Haryana India,222.29023031944882,35.427457296523706
515,29.291693,76.99736899999998,National Highway 1   Panipat Haryana India,222.7365295720983,34.98115804387416
516,29.287601470947266,76.99839782714844,"Atta - Bilaspur Rd, Pasina Kalan, Haryana 132106, India",223.20092416803828,34.51676344793418
517,29.283333000000002,76.999564,National Highway 1   Panipat Haryana India,223.68742464600948,34.03026296996296
518,29.279258728027344,77.00086212158203,"Atta - Bilaspur Rd, Haryana 132106, India",224.15630560779385,33.56138200817861
519,29.275118,77.001964,National Highway 1   Panipat Haryana India,224.62759085078912,33.090096765183375
520,29.27126,77.00312,National Highway 1   Panipat Haryana India,225.06972333097968,32.64796428499278
521,29.267465591430664,77.00428009033203,"Atta - Bilaspur Rd, Karhans, Haryana 132106, India",225.5051459394772,32.21254167649528
522,29.263238,77.005413,National Highway 1   Panipat Haryana India,225.98649517506402,31.731192440908533
523,29.259331,77.006613,National Highway 1   Panipat Haryana India,226.43497830464744,31.28270931132502
524,29.255398,77.007707,National Highway 1  Karhans Panipat Haryana India,226.88369313779202,30.833994478180532
525,29.251708984375,77.00872039794922,"1517, Manana - Samalkha Road, Krishna Colony, Samalkha, Haryana 132101, India",227.30428087483318,30.41340674113925
526,29.247929,77.009778,National Highway 1  Samalkha Panipat Haryana India,227.7356819225008,29.98200569347173
527,29.244082000000002,77.010889,National Highway 1  Samalkha Panipat Haryana India,228.175546785309,29.542140830663467
528,29.240129,77.01185799999998,National Highway 1  Samalkha Panipat Haryana India,228.62370773735364,29.09397987861882
529,29.236129,77.01309300000001,National Highway 1  Samalkha Panipat Haryana India,229.08303495398889,28.63465266198361
530,29.2324,77.014116,National Highway 1  Samalkha Panipat Haryana India,229.50815310634545,28.20953450962702
531,29.228672999999997,77.015227,National Highway 1  Samalkha Panipat Haryana India,229.93513998948313,27.78254762648933
532,29.224706649780273,77.0165023803711,"Manana - Samalkha Road, Malpur, Samalkha, Haryana 132101, India",230.391921074148,27.32576654182449
533,29.220672999999998,77.017662,National Highway 1  Samalkha Panipat Haryana India,230.85300630516758,26.86468131080491
534,29.216678,77.01879100000002,National Highway 1  Samalkha Panipat Haryana India,231.30921415148342,26.40847346448905
535,29.21283721923828,77.02009582519531,"Jammu - Delhi Road, Bapura, Haryana 132102, India",231.75342848639087,25.96425912958159
536,29.208838,77.021147,National Highway 1  Samalkha Panipat Haryana India,232.2083317472771,25.50935586869537
537,29.204907,77.022347,National Highway 1  Patti Kalyana Panipat Haryana India,232.65939657033687,25.0582910456356
538,29.201051,77.0236,National Highway 1   Panipat Haryana India,233.10382302124782,24.613864594724607
539,29.197024,77.02488000000002,National Highway 1  Patti Kalyana Panipat Haryana India,233.56720528083702,24.15048233513545
540,29.193279999999998,77.02601800000002,National Highway 1   Panipat Haryana India,233.99669181504657,23.72099580092584
541,29.189141999999997,77.026996,National Highway 1   Panipat Haryana India,234.46510281595044,23.25258480002202
542,29.185044,77.027973,National Highway 1  Patti Kalyana Panipat Haryana India,234.9291540864416,22.78853352953089
543,29.181007385253906,77.0288314819336,"Jammu - Delhi Road, Haryana 131101, India",235.3842929445429,22.33339467142952
544,29.177093,77.029973,National Highway 1   Sonepat Haryana India,235.83214141132197,21.88554620465052
545,29.17330741882324,77.0308609008789,"Jammu - Delhi Road, Haryana 131101, India",236.2605272881969,21.457160327775565
546,29.169190999999998,77.031796,National Highway 1   Sonepat Haryana India,236.72576482663968,20.99192278933276
547,29.165149,77.032969,National Highway 1   Sonepat Haryana India,237.18807833810789,20.529609277864576
548,29.16136400000001,77.03399999999998,National Highway 1   Sonepat Haryana India,237.61942550409182,20.098262111880643
549,29.157736,77.035164,National Highway 1   Sonepat Haryana India,238.03718876864826,19.6804988473242
550,29.153698,77.036373,National Highway 1   Sonepat Haryana India,238.4999529038355,19.217734712136973
551,29.14988,77.037538,National Highway 1   Sonepat Haryana India,238.93805106741496,18.7796365485575
552,29.145871000000003,77.03864,National Highway 1   Sonepat Haryana India,239.39515537645363,18.32253223951884
553,29.142182000000002,77.03976,National Highway 1  Ganaur Sonepat Haryana India,239.81831143585651,17.89937618011595
554,29.138078000000004,77.041049,National Highway 1  Ganaur Sonepat Haryana India,240.29016710326198,17.427520512710487
555,29.134266999999998,77.04232900000002,National Highway 1  Ganaur Sonepat Haryana India,240.73055279259532,16.98713482337715
556,29.130273,77.04348399999998,National Highway 1  Ganaur Sonepat Haryana India,241.18728572448725,16.53040189148524
557,29.126172999999998,77.044604,National Highway 1  Ganaur Sonepat Haryana India,241.65460972820136,16.063077887771097
558,29.122138,77.045698,National Highway 1  Ganaur Sonepat Haryana India,242.1143391837513,15.603348432221196
559,29.11833953857422,77.04672241210938,"Jammu - Delhi Road, Teha, Haryana 131101, India",242.5469964863303,15.170691129642195
560,29.114303999999997,77.04811600000002,National Highway 1  Barhi Sonepat Haryana India,243.01439955169164,14.703288064280827
561,29.110651,77.049262,National Highway 1  Ganaur Sonepat Haryana India,243.43437314350132,14.283314472471206
562,29.106709000000002,77.050436,  Barhi Sonepat Haryana India,243.88599129077565,13.831696325196814
563,29.102776,77.051662,National Highway 1   Sonepat Haryana India,244.33795536775813,13.379732248214252
564,29.098713,77.052933,National Highway 1  Barhi Sonepat Haryana India,244.80497475300086,12.912712862971606
565,29.094610999999997,77.054249,National Highway 1   Sonepat Haryana India,245.27733398143985,12.440353634532613
566,29.090715999999997,77.055022,National Highway 1  Barhi Sonepat Haryana India,245.71555496433857,12.002132651633898
567,29.08660900000001,77.056276,National Highway 1   Sonepat Haryana India,246.18685027956286,11.530837336409604
568,29.082733,77.057449,National Highway 1   Sonepat Haryana India,246.63137536139325,11.086312254579212
569,29.078809000000003,77.058587,National Highway 1   Sonepat Haryana India,247.08019159775026,10.637496018222206
570,29.074810999999997,77.059804,National Highway 1   Sonepat Haryana India,247.53888780682664,10.17879980914583
571,29.071109000000003,77.060711,National Highway 1   Sonepat Haryana India,247.9586029134312,9.75908470254126
572,29.067149,77.062213,National Highway 1   Sonepat Haryana India,248.42124356827046,9.296444047702067
573,29.06374931335449,77.06315612792969,"Jammu - Delhi Road, Haryana 131001, India",248.80908459436787,8.908603021604591
574,29.059687,77.064373,National Highway 1   Sonepat Haryana India,249.27467103022641,8.44301658574608
575,29.055999999999997,77.065547,National Highway 1   Sonepat Haryana India,249.69901775047717,8.01866986549524
576,29.051776,77.066773,National Highway 1   Sonepat Haryana India,250.18217696199403,7.535510653978464
577,29.047749,77.067813,National Highway 1   Sonepat Haryana India,250.63986427794103,7.077823338031408
578,29.044109344482425,77.06886291503906,"National Highway 1, Sonipat, Haryana 131039, India",251.0560295990657,6.661658016906728
579,29.040569,77.06992,National Highway 1   Sonepat Haryana India,251.46171146725757,6.255976148714867
580,29.036484,77.071004,National Highway 1  Sonepat Sonepat Haryana India,251.9266262830944,5.791061332878115
581,29.032676000000002,77.072071,National Highway 1   Sonepat Haryana India,252.3612993448121,5.356388271160314
582,29.02864000000001,77.073093,National Highway 1   Sonepat Haryana India,252.8195783027684,4.898109313204087
583,29.024896000000002,77.074249,National Highway 1   Sonepat Haryana India,253.249557161345,4.4681304546274685
584,29.021122,77.075396,National Highway 1  Sonepat Sonepat Haryana India,253.6825196570921,4.035167958880379
585,29.017167,77.076542,National Highway 1  Sonepat Sonepat Haryana India,254.13487026088526,3.582817355087201
586,29.013367,77.077751,National Highway 1  Sonepat Sonepat Haryana India,254.57220716567014,3.1454804503023297
587,29.00930595397949,77.07878875732422,"Shop No : 4, TDI Espania GT Road ( NH1), Opposite Jurrassic Park, Sonipat, Haryana 131001, India",255.0335330037363,2.684154612236142
588,29.005613,77.079973,National Highway 1   Sonepat Haryana India,255.45879694454285,2.25889067142964
589,29.001447,77.0812,National Highway 1  Sonepat Sonepat Haryana India,255.93576522840152,1.7819223875709442
590,28.998711,77.08189300000002,National Highway 1  Sonepat Sonepat Haryana India,256.24643897184444,1.4712486441280248
591,28.994702,77.083102,National Highway 1  Sonepat Sonepat Haryana India,256.7061311896967,1.0115564262757744
592,28.991833000000003,77.083893,National Highway 1  Sonepat Sonepat Haryana India,257.033327220072,0.6843603959005122
593,28.987772999999997,77.085111,National Highway 1   Sonepat Haryana India,257.4987099831996,0.21897763277291915
594,28.986053,77.08561800000003,National Highway 1  Sonepat Sonepat Haryana India,257.69564562280004,0.02204199317242228
595,28.985871000000003,77.08567099999998,National Highway 1  Sonepat Sonepat Haryana India,257.71646842512547,0.0012191908469958435
596,28.98586,77.08567099999998,National Highway 1  Sonepat Sonepat Haryana India,257.71768761597247,0.0
